{
  "benchmark_size": 3410,
  "high_quality_size": 213,
  "v6_results_count": 100,
  "metrics": {
    "precision@10": 0.4,
    "recall@10": 0.013559322033898305,
    "hits@10": 4,
    "precision@25": 0.4,
    "recall@25": 0.03389830508474576,
    "hits@25": 10,
    "precision@50": 0.42,
    "recall@50": 0.0711864406779661,
    "hits@50": 21,
    "precision@100": 0.29,
    "recall@100": 0.09830508474576272,
    "hits@100": 29
  },
  "parameters": {
    "source": "lucan.bellum_civile.part.1",
    "target": "vergil.aeneid",
    "match_type": "lemma",
    "min_matches": 2,
    "max_distance": 10
  }
}