{
  "timestamp": "2026-02-03T20:30:08.086264",
  "settings": {
    "match_type": "lemma",
    "min_matches": 2,
    "max_distance": 20,
    "max_results": 500,
    "stoplist_size": 0,
    "stoplist_basis": "source_target",
    "source_unit_type": "line",
    "target_unit_type": "line"
  },
  "benchmark_size": 3410,
  "high_quality_size": 213,
  "v6_results_count": 1170,
  "metrics": {
    "precision@10": 0.6,
    "recall@10": 0.0017595307917888563,
    "hits@10": 6,
    "precision@25": 0.44,
    "recall@25": 0.0032258064516129032,
    "hits@25": 11,
    "precision@50": 0.46,
    "recall@50": 0.006744868035190616,
    "hits@50": 23,
    "precision@100": 0.38,
    "recall@100": 0.011143695014662757,
    "hits@100": 38,
    "precision@200": 0.365,
    "recall@200": 0.021407624633431085,
    "hits@200": 73,
    "precision@500": 0.332,
    "recall@500": 0.04868035190615836,
    "hits@500": 166,
    "total_hits": 301,
    "total_recall": 0.08826979472140763
  },
  "methodology": {
    "source": "Lucan Bellum Civile Book 1",
    "target": "Vergil Aeneid (all 12 books)",
    "benchmark": "bench41.txt parsed to JSON",
    "matching_tolerance": "\u00b12 lines",
    "reference": "Per Coffee et al. 2012, Bernstein et al. 2015"
  }
}